0,city,state,country,Cost of Living,Rent Index,CoL and Rent
1,New York, NY, United States ,100.0,100.0,100.0
2,San Francisco, CA, United States ,92.13,109.76,100.72
3,Anchorage, AK, United States ,90.83,36.51,64.38
4,Nassau, Bahamas , Bahamas ,89.57,38.57,64.73
5,Oakland, CA, United States ,88.68,79.83,84.37
6,Boston, MA, United States ,88.61,75.13,82.05
7,Seattle, WA, United States ,87.99,64.0,76.31
8,Honolulu, HI, United States ,87.05,61.82,74.76
9,Washington, DC, United States ,84.69,75.05,80.0
10,Miami, FL, United States ,83.61,55.99,70.16
11,Charleston, SC, United States ,83.21,48.43,66.27
12,Minneapolis, MN, United States ,83.18,42.55,63.39
13,Chicago, IL, United States ,82.71,55.16,69.3
14,Fort Lauderdale, FL, United States ,81.22,53.32,67.63
15,Portland, OR, United States ,81.19,46.99,64.54
16,Irvine, CA, United States ,79.94,65.43,72.88
17,Los Angeles, CA, United States ,79.82,70.01,75.05
18,Philadelphia, PA, United States ,79.19,46.45,63.25
19,Pittsburgh, PA, United States ,79.02,35.02,57.59
20,Cleveland, OH, United States ,78.62,37.7,58.69
21,Milwaukee, WI, United States ,78.6,33.97,56.87
22,Sacramento, CA, United States ,78.57,45.12,62.28
23,San Diego, CA, United States ,78.3,65.59,72.11
24,Asheville, NC, United States ,77.61,39.87,59.23
25,San Jose, CA, United States ,77.55,81.32,79.39
26,New Orleans, LA, United States ,77.0,40.11,59.03
27,Birmingham, AL, United States ,76.72,29.18,53.57
28,Tampa, FL, United States ,76.72,40.21,58.94
29,Atlanta, GA, United States ,76.11,46.88,61.88
30,Charlotte, NC, United States ,75.7,42.2,59.39
31,Baltimore, MD, United States ,75.04,42.35,59.12
32,Ann Arbor, MI, United States ,74.43,49.47,62.28
33,Rochester, NY, United States ,74.28,28.53,52.0
34,Denver, CO, United States ,74.27,51.15,63.01
35,Spokane, WA, United States ,73.12,29.54,51.89
36,Columbus, OH, United States ,72.82,30.56,52.24
37,Albany, NY, United States ,72.81,31.67,52.78
38,Toronto, Canada , Canada ,72.56,47.98,60.59
39,Colorado Springs, CO, United States ,72.49,34.98,54.22
40,Vancouver, Canada , Canada ,72.37,47.91,60.46
41,San Juan, Puerto Rico , Puerto Rico ,72.18,24.1,48.77
42,Knoxville, TN, United States ,71.85,31.64,52.27
43,Red Deer, Canada , Canada ,71.85,21.05,47.11
44,Orlando, FL, United States ,71.81,40.24,56.44
45,Nashville, TN, United States ,71.79,46.11,59.29
46,Burnaby, Canada , Canada ,71.69,40.03,56.27
47,Buffalo, NY, United States ,71.18,26.79,49.56
48,Olympia, WA, United States ,71.1,39.4,55.66
49,Kansas City, MO, United States ,71.04,29.21,50.67
50,Halifax, Canada , Canada ,70.77,29.23,50.54
51,Victoria, Canada , Canada ,70.68,37.44,54.49
52,Jacksonville, FL, United States ,70.6,32.43,52.01
53,Raleigh, NC, United States ,69.92,35.88,53.34
54,Detroit, MI, United States ,69.76,40.07,55.3
55,Edmonton, Canada , Canada ,69.55,25.72,48.21
56,Tucson, AZ, United States ,69.41,26.93,48.72
57,Calgary, Canada , Canada ,69.13,27.09,48.66
58,Eugene, OR, United States ,69.13,33.17,51.62
59,Reno, NV, United States ,68.75,37.41,53.49
60,Richmond, VA, United States ,68.72,33.84,51.74
61,Las Vegas, NV, United States ,68.63,35.82,52.65
62,Louisville, KY, United States ,68.62,30.89,50.25
63,Houston, TX, United States ,68.38,42.25,55.66
64,Toledo, OH, United States ,68.04,20.59,44.93
65,Coquitlam, Canada , Canada ,67.88,40.22,54.41
66,Des Moines, IA, United States ,67.73,27.26,48.03
67,Saskatoon, Canada , Canada ,67.68,23.44,46.14
68,San Antonio, TX, United States ,67.58,35.11,51.76
69,Ottawa, Canada , Canada ,67.55,33.98,51.21
70,Mississauga, Canada , Canada ,67.43,40.41,54.27
71,Kelowna, Canada , Canada ,67.34,31.98,50.12
72,Phoenix, AZ, United States ,67.11,35.86,51.89
73,Brampton, Canada , Canada ,67.04,35.36,51.61
74,Tulsa, OK, United States ,66.87,26.73,47.33
75,Madison, WI, United States ,66.75,36.44,51.99
76,Regina, Canada , Canada ,65.71,25.42,46.09
77,Salt Lake City, UT, United States ,65.47,35.94,51.09
78,Dallas, TX, United States ,65.27,47.46,56.6
79,Indianapolis, IN, United States ,65.02,29.01,47.49
80,Hamilton, Canada , Canada ,65.02,26.93,46.47
81,Little Rock, AR, United States ,64.51,25.94,45.73
82,Austin, TX, United States ,64.45,48.76,56.81
83,Montreal, Canada , Canada ,64.1,26.75,45.91
84,Cincinnati, OH, United States ,64.04,34.26,49.54
85,Kitchener, Canada , Canada ,64.04,27.87,46.43
86,Winnipeg, Canada , Canada ,63.66,22.95,43.84
87,Albuquerque, NM, United States ,63.61,26.04,45.32
88,Fresno, CA, United States ,62.85,31.41,47.54
89,Memphis, TN, United States ,62.82,25.85,44.82
90,Quebec City, Canada , Canada ,62.59,17.04,40.4
91,London, Canada , Canada ,61.59,25.54,44.04
92,Huntsville, AL, United States ,61.48,28.53,45.43
93,Wichita, KS, United States ,60.63,22.65,42.14
94,Boise, ID, United States ,60.54,34.8,48.0
95,Port of Spain, Trinidad And Tobago , Trinidad And Tobago ,60.43,20.3,40.89
96,Panama City, Panama , Panama ,59.77,26.33,43.49
97,Kingston, Jamaica , Jamaica ,59.41,17.12,38.82
98,El Paso, TX, United States ,57.94,22.38,40.62
99,San Jose, Costa Rica , Costa Rica ,57.29,17.94,38.13
100,Paramaribo, Suriname , Suriname ,47.96,9.53,29.25
101,Montevideo, Uruguay , Uruguay ,47.53,13.79,31.1
102,San Salvador, El Salvador , El Salvador ,47.37,13.92,31.08
103,Santiago, Chile , Chile ,46.9,14.37,31.06
104,Guatemala City, Guatemala , Guatemala ,46.51,15.26,31.29
105,Guayaquil, Ecuador , Ecuador ,43.64,13.0,28.72
106,Havana, Cuba , Cuba ,43.42,3.93,24.19
107,Quito, Ecuador , Ecuador ,43.39,12.82,28.5
108,Santo Domingo, Dominican Republic , Dominican Republic ,42.79,11.56,27.58
109,Lima, Peru , Peru ,41.04,15.83,28.77
110,La Paz, Bolivia , Bolivia ,38.74,11.96,25.7
111,Cuenca, Ecuador , Ecuador ,35.84,12.24,24.34
112,Sao Paulo, Brazil , Brazil ,35.27,12.88,24.37
113,Mexico City, Mexico , Mexico ,35.08,17.29,26.42
114,Cancun, Mexico , Mexico ,34.59,11.03,23.12
115,Campinas, Brazil , Brazil ,34.15,7.17,21.01
116,Tijuana, Mexico , Mexico ,33.98,10.8,22.69
117,Monterrey, Mexico , Mexico ,33.69,11.16,22.72
118,Rio de Janeiro, Brazil , Brazil ,33.52,10.51,22.31
119,Brasilia, Brazil , Brazil ,32.39,10.49,21.72
120,Merida, Mexico , Mexico ,32.25,7.79,20.34
121,Queretaro, Mexico , Mexico ,32.19,9.0,20.9
122,Florianopolis, Brazil , Brazil ,31.89,8.38,20.44
123,Buenos Aires, Argentina , Argentina ,31.82,8.1,20.27
124,Recife, Brazil , Brazil ,31.42,7.44,19.74
125,Asuncion, Paraguay , Paraguay ,31.36,9.77,20.85
126,Belo Horizonte, Brazil , Brazil ,31.1,7.38,19.55
127,Guadalajara, Mexico , Mexico ,31.07,10.76,21.18
128,Bogota, Colombia , Colombia ,30.99,11.95,21.72
129,Puebla, Mexico , Mexico ,30.59,7.88,19.53
130,Porto Alegre, Brazil , Brazil ,30.54,7.82,19.47
131,Barranquilla, Colombia , Colombia ,30.26,7.94,19.39
132,Curitiba, Brazil , Brazil ,30.04,6.78,18.71
133,Medellin, Colombia , Colombia ,29.08,9.43,19.51
134,Salvador, Brazil , Brazil ,28.87,6.7,18.08
135,Cali, Colombia , Colombia ,27.26,6.4,17.1
